,Churn
2142,0
1623,0
6074,1
1362,1
6754,0
1212,0
2722,0
4006,0
6791,1
5466,0
5852,1
4195,0
4166,0
5234,0
3414,0
1803,0
6203,0
5285,0
1323,0
5666,0
1941,0
6601,0
1902,0
3704,0
387,0
5550,0
1032,1
4523,0
6582,0
5587,0
3306,0
6625,1
3316,0
1010,0
3641,0
931,0
6352,0
691,0
533,0
6451,0
2227,0
652,0
33,0
4118,0
44,0
6767,0
5100,1
964,1
5589,1
2415,1
6202,1
2263,1
5202,0
4450,1
5247,1
6306,0
5244,0
2316,0
2617,1
26,1
3605,0
63,0
1044,0
3660,0
5360,1
2656,0
1454,0
227,1
6984,0
3080,0
3317,0
5035,0
3184,0
2833,0
3539,1
969,1
4603,0
5751,0
2662,1
4094,0
6034,0
3813,0
2387,0
4224,0
6375,1
3567,1
4148,0
2646,0
6626,1
252,1
5435,0
4554,0
3975,1
4847,1
5719,0
2818,1
1702,1
4428,1
4808,0
3790,1
5722,1
4041,0
2094,0
2843,0
641,1
6140,0
3882,0
4405,1
297,0
303,0
2406,1
5816,0
3154,0
1839,0
4384,1
4306,0
655,0
4139,0
4686,0
4775,1
240,0
783,1
1354,1
1018,0
4912,1
977,0
809,1
6755,0
5036,1
257,0
893,1
5936,0
4366,0
3589,0
5162,0
5229,1
5167,0
3288,0
6698,0
2132,0
6243,0
5520,0
1357,0
1561,1
6054,1
2251,0
5474,0
2471,1
3133,0
2024,0
4687,1
2986,0
2042,0
4905,0
2876,0
2669,1
4756,0
5728,1
4098,1
7018,1
3806,0
6842,0
3475,0
1092,0
5867,0
124,0
4152,0
6882,0
4489,0
2922,1
2516,1
6038,1
1553,0
3482,0
2886,0
598,0
75,0
1339,1
1416,0
4772,0
1649,0
5652,0
3206,0
4024,0
2829,1
149,0
3001,0
1557,0
3931,0
453,1
4427,0
1832,1
3250,0
5663,0
808,1
2002,0
3353,0
3824,0
1671,0
1119,0
4353,1
810,1
1129,0
834,1
6124,0
5413,0
6732,0
1971,0
1235,0
1225,1
4051,0
2344,0
6227,1
4352,0
2273,0
1729,0
6785,1
2181,0
1027,0
3082,0
5205,0
349,0
452,0
662,0
172,0
1405,1
5857,1
4250,0
4550,0
422,0
3017,0
3326,1
881,0
3450,0
1253,1
6268,0
6210,0
2225,0
4121,1
6563,1
1905,0
102,0
3014,0
4301,0
6678,0
4269,1
2447,0
1580,0
3803,1
3481,0
4871,0
3877,1
5192,0
135,0
2521,1
4151,0
1918,0
6332,0
4697,0
4750,0
2666,0
5110,0
2925,0
3066,0
1789,0
5288,1
807,0
462,1
879,0
3248,1
4726,0
5680,1
6790,0
4377,0
799,1
354,1
3964,0
1073,1
3101,0
5594,0
144,0
380,0
1340,0
4168,0
6510,0
121,0
3745,1
3612,0
1360,1
418,1
6348,0
5546,0
1514,0
4184,1
5455,0
3100,0
2063,0
555,0
2312,0
3543,0
5440,0
1485,1
5017,0
1272,0
6598,0
1411,0
5076,1
6915,0
1471,0
2266,0
5503,0
5077,0
5635,0
4154,1
6679,0
3165,0
2436,0
2868,0
6612,1
981,0
5974,0
6063,0
3246,1
6207,1
1268,1
414,0
268,1
3127,1
654,1
3011,0
6394,0
2223,1
6989,0
2337,1
3541,0
773,1
2446,1
589,0
2907,1
2127,1
2996,0
3896,0
3038,0
6441,0
2465,1
3377,0
701,0
5845,1
2301,0
5121,0
677,1
6062,0
6607,1
2598,0
2345,0
4093,0
693,1
1513,1
6067,0
6105,1
6189,0
110,1
3852,0
6474,0
6270,0
2131,0
4085,0
1919,1
856,0
3408,1
5950,0
6554,1
2510,1
6897,0
4169,1
4392,0
1758,0
3337,0
3203,0
605,0
6986,1
3034,1
6691,0
1468,0
5178,0
2812,1
6171,0
5079,0
2921,1
107,0
29,1
3780,0
3150,0
3616,0
5346,0
4940,0
751,0
3168,0
584,0
1220,0
5040,0
6614,0
3274,0
6053,0
548,0
5448,0
6921,0
2874,0
6548,0
3715,0
2291,1
6783,0
6887,0
3396,0
4945,0
1203,0
344,0
4328,0
5907,0
1575,1
2900,1
6604,0
3047,1
3131,0
5853,0
4072,0
2173,0
90,0
7006,1
5487,0
4383,0
2252,0
6696,0
624,1
69,0
889,1
4845,0
5340,0
5274,0
6868,1
3921,0
5072,0
947,0
877,0
6806,0
6575,0
2462,0
293,0
5446,1
3091,0
445,1
4020,0
1961,0
2846,0
3614,0
1880,1
5186,1
4690,0
3570,0
4917,0
4678,1
5213,0
5030,1
4922,0
367,0
5243,0
5331,0
2540,0
6316,0
3392,0
6923,0
6455,0
4684,1
3105,0
3279,0
3720,0
4541,1
4965,1
4581,0
3871,1
5020,0
1186,0
3428,1
5004,0
3866,0
6827,0
5349,0
6888,0
151,1
1858,1
2464,1
1033,0
1383,1
915,1
1305,0
6682,0
3098,1
4983,1
509,0
5894,1
5963,0
6049,0
2647,0
5799,1
6022,0
748,0
2304,0
4076,0
5410,0
1310,1
1611,0
6988,0
911,0
2673,1
2499,0
3089,0
5200,0
5096,0
2680,0
2126,0
471,1
967,0
7013,0
4056,1
4602,0
5873,0
6648,0
3815,1
896,0
5329,1
4284,0
5785,0
1773,0
3307,0
251,1
1209,0
2688,1
3885,0
2937,0
3071,0
4605,0
1128,0
2890,1
4479,0
1593,0
2603,0
3607,0
57,0
1699,0
1322,0
176,1
3182,0
6116,0
2995,0
6997,0
6155,1
292,0
1142,0
2328,0
3728,0
183,0
1170,0
4838,0
5649,0
5332,0
5931,1
5737,0
3523,0
1086,1
2781,0
4112,0
1172,0
2470,0
3661,0
2166,0
5761,0
2133,1
7005,0
4458,1
4731,0
2589,1
4050,0
2183,0
3114,0
1956,0
613,0
3528,1
2944,0
6878,1
3734,0
1430,0
4815,1
1876,0
1748,0
6347,0
505,1
415,0
6924,1
272,1
2942,0
1706,0
5901,1
4557,0
2807,0
6142,1
5887,0
2441,0
106,0
1344,0
6811,1
4651,1
6722,0
3349,1
2182,0
952,0
5833,0
2586,0
2417,0
1504,0
4927,0
7003,0
3849,1
6080,1
4812,1
1121,0
3819,0
5447,0
6782,0
1024,0
5696,1
4483,0
5506,0
4252,0
2795,1
416,0
2827,0
4828,0
2629,1
3341,0
564,0
1224,1
142,0
3942,1
2271,0
2531,0
2004,1
1194,0
6965,0
1756,0
497,0
3477,0
6885,1
3315,0
721,0
5118,0
3859,0
1496,0
6637,0
1520,0
4482,1
3770,0
3006,1
5891,1
5673,0
108,0
1754,0
6741,1
1351,0
6110,0
4888,0
5708,0
1973,0
336,1
4941,1
6201,0
3139,1
5614,0
724,1
765,0
2997,1
3783,0
307,0
4034,0
3039,0
3846,0
5720,0
2550,0
6379,1
1791,0
3245,1
2842,0
5729,0
2053,1
2398,0
71,0
4903,1
3210,0
1260,0
1666,0
5522,1
6377,1
5500,0
2392,0
6705,0
1695,0
1095,0
3889,0
3667,0
2902,0
1630,0
4294,0
1881,0
4710,0
1612,1
978,1
6252,0
4993,0
2578,1
848,0
2916,0
4010,0
3912,0
2154,0
47,1
3303,1
1350,0
5321,0
446,1
1743,0
844,1
6138,0
2418,0
3742,0
3535,0
4081,1
1294,1
2972,0
3834,1
6577,0
5027,1
5553,1
1112,0
776,0
6655,0
2153,0
4778,0
4796,0
6742,0
4827,1
3413,0
1851,1
1963,0
2288,0
3933,0
3007,1
485,0
2413,0
4680,0
5394,0
30,0
1879,1
2684,0
4727,0
6509,1
4534,0
4803,0
3298,0
636,0
5543,0
2375,0
1083,1
861,0
3195,0
903,0
2845,0
109,0
6774,0
3751,0
3620,0
2338,0
5913,0
4538,1
4915,0
1831,0
5576,1
782,0
6877,1
3334,1
6708,1
2862,1
1825,0
1094,0
4928,1
3109,0
2619,1
4262,1
3980,1
5436,0
1654,0
5860,1
7041,1
4567,0
3836,0
4570,0
6224,0
4385,0
6421,0
2457,0
3383,1
2588,0
1204,0
2202,1
2648,0
4655,0
5425,0
4674,0
7004,0
1770,1
829,0
7031,0
6814,0
627,0
4125,0
925,0
295,0
1052,0
3688,0
3563,0
2260,1
944,0
5599,1
5839,0
12,0
1117,0
6087,0
5369,0
3903,0
6452,0
1319,1
3947,0
6883,0
6440,0
3213,0
6263,0
3252,0
653,0
3992,0
6409,0
3982,0
2431,1
6870,0
5527,0
3706,0
2423,0
6240,1
2804,1
4881,0
570,0
1448,0
4532,1
6651,0
1745,0
3434,0
4420,0
287,1
1738,0
6345,0
6213,0
2664,0
3832,0
6092,0
3424,1
5770,0
1684,0
4578,0
1338,1
2952,0
5776,0
3135,1
6821,1
2258,0
4015,0
4253,0
3053,0
2498,0
5471,0
1564,1
5372,0
6957,0
5885,0
2185,1
5519,0
1231,0
4418,1
1258,0
2254,0
1951,0
6543,0
113,1
5976,0
5149,0
4813,0
507,1
3545,0
3807,1
2932,0
2515,0
3402,1
4099,0
6623,1
350,0
4147,0
3542,0
3759,1
1114,0
4958,0
298,0
3318,1
5586,0
6654,1
5362,0
5746,1
2840,0
229,0
5958,0
2992,0
6905,0
5706,1
4519,0
2103,0
6443,0
2677,1
4526,0
4695,0
1614,0
607,0
5312,1
1093,0
5700,0
6918,1
6684,0
203,0
2855,0
3961,0
837,1
4215,0
1230,0
5339,0
1609,0
4410,0
4745,0
5679,1
2569,0
6005,0
4553,0
2484,0
5367,0
2440,0
2614,1
657,0
790,0
2388,0
6130,0
1359,1
5160,0
2347,0
4764,1
2523,0
5341,1
6149,0
5874,1
6209,0
5378,0
3161,0
3226,0
6012,1
1780,1
2618,0
803,0
857,1
5514,0
5184,0
4961,0
219,0
1288,0
582,1
43,0
1234,0
4830,0
6815,0
1892,0
4267,0
6162,0
3918,1
5822,0
1071,1
718,0
2364,0
1505,1
670,0
4221,0
5632,0
4030,0
897,0
5667,0
2836,0
1530,1
4556,1
5621,1
2955,1
6468,0
2908,1
6825,0
5366,0
1874,0
2370,0
1769,0
5114,0
5577,0
1983,0
531,0
5039,1
5317,1
6082,1
5330,1
2163,1
731,0
2339,1
6876,0
2232,0
6157,1
2926,0
1255,1
2104,1
5144,0
3879,1
898,1
428,0
4857,0
2893,1
5509,1
6371,0
1222,0
5352,0
6032,1
4038,0
4609,0
3176,0
1096,0
2072,0
6358,0
3842,0
5940,0
1788,0
5101,0
6549,1
528,0
3143,0
192,0
6251,0
1126,1
2689,0
2707,1
6890,0
304,0
2957,0
1292,0
70,0
5978,0
4394,0
2615,0
831,0
3075,0
1456,1
4287,1
238,1
92,0
2687,0
6256,1
6115,0
5515,0
4304,0
5187,0
4417,1
1001,1
3857,0
6750,0
2377,0
3758,0
3532,1
3554,0
1532,0
2410,0
4254,1
411,0
3296,0
6757,1
6503,0
5171,0
5866,0
3322,1
3231,0
6423,0
5361,0
4397,0
633,0
498,1
2463,0
3792,1
637,0
720,0
288,1
757,0
2543,1
4762,0
4162,0
4207,0
4058,1
596,0
5465,0
1068,1
1942,0
1647,1
3378,0
1700,0
5646,1
4159,0
2697,0
4373,0
3966,0
6854,0
86,0
2308,0
4741,0
3827,0
2847,0
1029,1
3656,0
3786,0
2144,0
6573,0
1200,0
2025,0
621,0
6402,0
566,0
1837,1
1334,1
5690,0
6697,0
2099,0
6695,0
2644,1
5501,0
1688,0
745,0
5398,0
2820,0
2187,0
195,0
1152,0
2650,0
4633,0
802,0
4303,0
2350,0
6662,0
5661,0
2068,0
5434,0
644,0
6222,0
5272,1
3892,0
4884,0
120,0
1777,0
6661,0
5656,0
2135,0
3951,0
5768,0
134,1
6216,0
6617,0
3095,0
2559,0
62,0
4587,0
6129,0
3487,0
3358,0
3771,1
679,0
4486,0
741,0
1211,1
2170,0
3689,1
6215,1
567,0
1873,0
4295,0
2596,0
1717,0
1392,0
5282,1
3544,1
3613,0
489,1
4022,0
690,0
5019,0
602,0
1911,0
7040,0
4525,0
6365,1
5829,0
3235,0
2366,1
1187,0
274,1
3978,0
1361,1
6271,0
1526,0
3312,0
3023,0
6941,0
4246,0
4617,0
6619,0
1337,0
945,1
6787,0
2250,0
5783,1
3473,1
3044,1
2346,0
68,0
5152,0
4996,0
1598,0
3309,0
5059,1
4560,0
1503,0
4365,0
150,0
4310,0
2086,1
6417,1
2259,0
3049,1
5804,0
5424,0
6793,0
859,0
6196,0
2718,0
4490,0
3193,0
366,0
1432,0
4923,0
1779,0
4280,0
3258,0
1818,0
6884,1
841,0
1189,0
175,0
3684,0
617,0
2093,0
6535,1
4092,0
3717,0
1030,0
3671,1
300,0
1472,1
283,0
2028,0
3491,0
6111,0
5582,0
1813,0
1271,0
2716,0
4545,0
3646,0
2313,0
2008,1
4231,0
2642,1
3265,1
6415,0
3796,1
6917,0
3194,1
99,1
5087,0
744,0
6513,0
480,0
4650,0
6839,1
4962,0
1157,0
1437,0
2414,0
4100,0
402,1
2195,0
949,0
3781,0
2067,0
4769,0
4918,0
668,1
218,0
1962,0
3010,0
3519,0
2213,0
2633,0
4077,0
3555,1
4708,0
4657,0
2145,0
777,1
2434,0
4536,1
3909,0
4643,0
1491,0
2917,0
5780,0
6405,0
5265,0
4017,0
517,0
4740,1
6869,1
3822,0
4818,0
6857,0
3340,1
4878,0
568,1
360,0
3123,0
4574,0
6472,0
3025,0
759,0
3590,0
6743,0
5714,1
4663,1
214,0
6837,0
3833,0
2858,0
4733,0
4078,1
3148,0
1473,1
2244,1
725,0
3995,1
49,0
6406,0
887,0
6159,0
5033,0
6357,1
516,0
3000,1
139,1
3003,1
3979,0
6400,0
6446,0
463,1
4329,1
1233,0
594,0
450,0
3768,0
3214,0
5798,1
312,0
3411,1
4245,0
6672,0
451,0
5686,1
890,0
2763,0
4320,0
1506,0
6909,0
6587,0
999,0
389,0
2330,0
1476,0
2240,0
6327,0
6337,0
5875,0
5938,0
2775,1
1923,0
758,1
6595,0
6161,0
1293,0
6206,0
6913,0
3268,0
1907,0
5641,0
4880,0
368,0
1937,0
1151,0
4461,0
6666,0
6928,0
191,1
6069,0
5762,0
174,0
1903,0
1099,0
4661,0
2927,0
2292,0
6225,0
6850,0
3946,1
6052,0
1164,0
3767,0
4031,0
2939,1
5241,0
4975,0
1661,0
508,1
166,1
4266,1
4834,0
4240,1
4742,0
103,0
5430,1
4258,1
4241,1
3795,0
5386,0
1752,0
6286,0
6688,0
2899,0
1658,1
152,0
4102,0
2483,1
1583,0
5923,0
2552,0
6990,0
4624,1
3583,0
5166,0
2941,0
6147,0
2209,0
4326,1
4233,0
1822,1
5428,1
3935,0
4220,0
4454,0
309,0
212,0
3497,0
4213,1
5880,1
495,1
205,0
1434,1
1135,0
2584,0
868,1
2749,0
305,0
1849,1
3121,1
1988,1
2798,1
6889,0
1534,0
843,0
1987,1
5629,1
4725,1
3552,0
383,1
1538,1
211,0
1957,0
4601,0
2438,1
2727,1
3257,0
3787,0
1349,0
4402,1
2984,0
5385,1
680,1
180,1
6702,0
6723,0
6504,1
6068,1
278,0
2970,1
6701,0
2480,1
289,1
4370,0
5284,1
993,0
2236,0
5438,1
39,1
4963,0
2754,0
5643,1
3722,0
270,1
3002,0
2883,0
5837,0
3128,0
5899,0
111,0
1391,0
2600,0
220,1
5890,0
4071,0
5658,0
83,0
873,1
6524,1
4391,0
461,0
6188,0
551,0
3405,0
2374,0
6572,0
2246,1
6627,0
3869,0
2450,0
2329,0
6532,0
2146,0
6635,0
5900,1
6211,1
650,1
708,0
6874,0
4977,0
5784,0
6325,1
6148,0
1424,0
1216,0
5842,0
1924,0
6108,0
4434,0
314,1
3817,0
1427,0
6460,1
6328,0
3956,1
5694,0
3008,0
5828,0
1105,0
6530,0
4317,0
7042,0
4882,0
684,0
5155,0
2765,0
5429,0
4561,0
2451,1
5834,0
326,0
4988,0
5889,0
2176,0
3625,0
4894,0
6093,0
6094,0
2787,0
5071,0
5755,0
1676,0
348,0
5138,0
3599,0
4925,0
1626,0
4273,1
3159,0
5041,0
871,0
4883,1
4108,0
6145,0
2218,0
5521,0
2121,0
5985,0
3357,1
85,0
3937,0
1877,0
2801,0
5557,0
2640,0
6027,0
2880,0
3323,0
494,0
2019,1
2525,0
4717,0
3166,0
3858,0
1270,0
4174,1
3821,1
2895,0
3680,1
5820,0
618,0
6025,0
5185,0
3664,0
4531,1
3113,0
4180,1
1413,0
2201,0
2001,0
5252,0
869,0
2358,0
2006,1
3090,1
4472,0
4874,1
356,0
1162,0
5347,0
3064,0
3125,0
3492,0
5484,0
3749,1
6945,1
1890,1
579,0
2319,0
5628,1
1691,0
862,1
4765,0
4522,0
2380,0
2378,1
4960,1
5451,0
4625,0
1116,0
1541,0
6960,0
5416,0
6478,0
3649,0
4751,1
5623,0
3297,0
4706,1
6167,0
2500,0
6220,0
6229,0
6239,0
6247,0
6930,1
6538,1
5300,1
6715,0
6711,0
3409,0
6726,1
5231,1
4677,1
6753,0
2052,0
1776,0
3499,1
4305,0
2536,1
5054,0
3731,0
1592,1
1723,0
5510,0
2611,1
4786,0
490,0
5921,0
2910,0
1006,1
4230,1
2503,0
4436,0
2314,0
2554,0
1417,0
3096,0
25,0
2409,0
1113,1
4176,0
1552,0
6017,0
5259,0
5672,0
433,1
4084,1
2655,1
3927,1
4771,1
5206,0
1127,0
4313,0
5224,0
5552,0
2518,0
6769,0
1102,1
6060,0
4773,1
4248,0
5219,0
4890,0
194,0
615,0
643,0
5062,1
3116,0
3410,1
2776,1
5774,0
5951,0
5902,0
330,0
2207,1
5049,1
6515,1
2670,0
972,0
483,0
2420,0
2602,0
719,0
3624,0
2059,0
2803,0
2566,0
4704,0
32,0
664,0
5540,1
5303,0
5813,0
1444,0
3355,0
2792,0
4956,1
6864,1
1705,0
5170,0
5502,1
4734,1
4063,1
4685,0
3227,0
118,0
2277,1
2905,0
1401,1
739,0
2456,0
170,0
540,0
883,0
5277,1
4722,0
3443,0
3800,0
674,1
3209,1
6507,1
2915,0
3286,1
1815,0
5389,0
6117,0
2100,0
4593,0
6979,0
5933,1
2101,1
5967,1
3922,0
1548,0
4216,0
3470,0
355,1
4559,0
3774,0
5363,0
2535,0
6234,0
3220,0
5018,0
2373,0
1051,0
3074,0
2321,0
6673,0
5058,0
1751,1
3941,0
1772,1
1196,0
1878,0
2668,1
7028,0
2016,1
2005,1
5712,0
1482,0
3237,0
328,0
648,1
2945,0
3418,0
1123,0
6541,0
2788,0
4113,0
6103,0
3971,1
3915,0
5897,0
1259,1
5157,0
5888,1
7038,0
1519,1
1378,0
5140,0
1023,0
6434,1
2918,0
4814,1
5009,0
5286,1
912,0
2857,0
6195,1
1675,1
1746,0
3026,1
532,0
1736,1
1629,0
5065,0
430,1
1808,1
4477,0
4860,0
4393,1
4577,0
234,0
5654,0
2222,0
4292,1
6237,1
6896,1
5132,0
6282,0
1948,1
5384,0
6250,0
6596,0
6447,0
1995,1
2671,0
5861,0
2224,1
1106,0
5805,0
818,1
5945,0
4104,0
5639,0
5117,0
1697,0
3558,0
136,0
1642,0
5418,0
4075,0
6636,0
1180,0
4416,0
888,0
2987,0
6801,0
2437,0
3580,1
4043,0
817,0
1111,1
4863,0
2341,0
3167,0
7039,0
5937,1
4620,0
3065,0
1264,0
990,0
1464,0
1739,1
6245,0
4986,0
353,1
5368,1
5485,0
3442,0
4943,0
1489,0
5633,0
6011,0
3130,0
1228,0
4190,1
6264,0
3764,0
6665,0
4012,1
6588,0
52,0
4217,0
4563,1
4932,0
3085,1
159,0
4338,0
1587,0
1589,0
1479,0
5432,1
3145,1
1469,1
4629,0
3094,0
3891,0
3534,1
2078,0
6895,0
4423,0
4309,0
6939,0
3630,1
2828,0
436,0
5914,0
6818,0
2960,1
4692,0
1588,0
4591,0
2780,1
5439,1
1590,0
4340,0
973,1
1238,1
2951,0
2342,0
5095,0
4210,0
4520,1
6014,0
2231,1
5270,1
1497,0
449,0
2369,0
6817,0
3429,0
4369,1
2422,0
6378,1
5683,1
6304,1
1551,0
6244,0
1146,0
4610,1
2092,0
1313,1
2015,0
187,0
3816,0
3426,1
6066,1
1381,0
5697,1
413,0
6380,0
3455,1
941,0
801,1
3336,0
6597,1
2750,0
5292,0
4318,0
256,0
4035,0
6907,1
3199,0
2235,0
647,0
1767,0
4825,0
5918,0
5025,0
5947,1
5670,1
24,0
5566,0
1088,1
5169,0
2694,0
4630,0
4438,0
112,0
2841,0
2311,0
3441,0
3875,1
6689,0
6475,0
56,0
1309,1
695,0
5125,1
1227,0
1999,1
276,1
4694,0
4060,0
1833,0
6194,0
682,0
4228,1
6632,1
5093,0
4011,0
1137,0
2767,0
4712,0
6064,1
942,0
1036,0
5532,0
5674,0
1346,1
3575,0
4103,0
2784,1
4323,1
2384,0
2988,0
115,0
4906,0
3400,0
7007,0
3119,1
6953,1
4989,0
6893,1
2819,0
6021,0
4855,0
5862,0
5790,0
81,0
3021,0
1972,0
1714,0
3536,0
4516,0
5296,0
3908,0
6134,0
1946,0
4336,0
4110,0
4938,1
3488,0
1610,0
6938,0
1251,1
4898,1
3070,0
5302,0
6879,0
6599,1
5426,0
5464,0
3375,0
665,0
2194,1
4604,0
5992,1
1017,0
557,0
6127,0
6778,0
1207,0
4003,0
4209,0
1510,0
3718,0
6030,1
3211,0
6831,1
5246,1
266,0
3761,0
1140,0
3162,0
2111,0
4991,1
1909,0
6525,0
6008,0
656,0
6745,1
6693,0
4509,1
998,0
5659,0
2834,0
2809,0
1784,1
1237,0
5865,0
5375,1
4379,0
5269,0
6217,0
6951,0
2186,0
2913,0
1134,0
908,0
4638,1
1303,0
6570,0
1627,0
4529,0
1522,1
835,0
358,1
138,0
299,1
1556,1
1003,0
382,0
4856,1
5106,0
4861,0
761,1
3686,1
5602,0
5164,0
5769,0
6781,1
4870,0
5692,0
4839,1
1402,1
4053,0
6046,0
2721,1
1932,0
5583,1
3560,0
6329,0
6364,0
6495,1
5607,1
3055,1
6016,1
3949,0
4908,1
2685,0
7012,0
58,0
76,0
796,0
2416,0
2248,0
5146,0
785,1
4046,0
6855,0
3158,1
3106,0
123,0
2217,0
5176,0
3682,1
5080,0
3838,0
6871,0
6044,0
910,1
2172,0
1850,0
2309,0
6590,1
3634,0
1257,0
2495,0
5307,0
4511,0
3501,0
1178,1
5747,0
6794,0
3650,0
442,0
5395,1
1399,0
2973,1
2884,0
1457,0
4322,0
6707,0
3459,0
1054,1
3733,0
4163,0
3275,0
5396,0
3699,0
929,0
1415,0
2372,0
4974,1
1829,0
6838,1
3898,0
4568,0
4937,0
6456,0
1502,0
5669,0
1450,0
4668,0
2011,0
5335,0
3515,0
4781,0
5953,0
6892,0
3989,0
3264,0
5677,0
5318,0
5153,0
4671,1
6,0
2980,0
3739,0
2487,0
3361,0
678,0
1943,0
6037,0
6480,0
5954,0
5403,0
6045,0
2607,1
6416,0
4502,1
6476,0
4080,0
1064,0
2894,1
4467,0
4607,0
2242,0
1474,0
6926,1
1889,0
3435,0
4367,0
1053,1
3705,0
2021,0
6706,0
5015,0
5962,0
2658,0
2467,0
5380,1
1130,0
1461,0
5482,1
6372,0
3365,0
6995,0
4302,0
3350,1
2968,0
222,0
6523,0
48,0
573,1
1236,1
5356,0
3033,0
6823,0
3382,0
6323,0
2282,1
4767,0
267,0
1104,0
2305,0
5538,1
6182,0
1935,0
386,1
1701,1
1628,0
3585,0
5483,1
2714,0
4128,1
5003,1
6158,0
1563,0
3622,0
5998,0
2760,0
3189,0
4515,0
209,0
909,0
1289,0
6761,0
1866,0
1842,0
2497,0
5956,1
104,1
958,0
1793,0
2088,0
2702,0
3826,0
5789,0
331,0
5452,0
4618,0
5103,0
5338,0
2459,0
1774,0
6929,0
4947,1
4368,1
4594,1
2686,1
5939,0
5715,1
5013,0
4816,0
2897,0
4997,1
1710,0
5417,0
5377,0
2478,0
5012,0
5291,0
1366,1
173,1
858,0
6758,0
5183,1
3524,1
3321,0
5129,0
6139,0
4404,0
3997,0
1952,0
3311,0
2492,1
4204,0
6481,0
2036,0
5518,1
6714,0
6354,0
3403,0
18,1
3691,0
5310,0
0,0
3628,0
5573,1
2174,0
1356,0
5235,0
6471,0
6501,0
2826,0
4237,1
396,0
5461,0
3112,0
182,1
5498,1
5568,0
1812,0
4535,1
5752,0
5108,0
816,1
1572,1
4877,0
1800,0
2280,0
2429,0
3893,0
5570,0
4707,0
5322,0
4315,1
6077,0
6122,0
6084,0
1830,0
601,0
5835,0
6550,1
5050,1
554,1
1159,1
1213,0
880,1
1325,1
4316,0
997,1
700,0
2700,0
5044,0
1847,0
5168,1
2796,0
1455,0
6658,1
4105,0
3994,1
866,0
5382,0
1644,1
2140,1
4848,1
3520,0
4421,0
5684,1
1490,0
4504,0
4990,0
729,0
4669,0
779,1
2620,0
1936,0
3793,0
6567,0
6071,0
3333,0
1110,0
3655,0
5718,1
6292,0
2998,0
2394,0
1185,1
2007,1
193,0
1515,0
5627,0
578,0
2123,0
1429,0
771,1
2587,0
2395,0
6996,1
1846,0
131,1
178,0
3740,0
6734,1
1811,0
4508,0
6992,0
2580,0
6169,1
4667,0
2652,0
4595,0
2073,0
658,1
1896,0
6555,0
2606,0
2221,0
3659,0
6659,0
2379,1
1447,1
5766,0
342,0
3372,0
6160,0
6204,0
2527,1
727,0
5542,0
976,1
4025,1
5023,1
1928,1
3516,1
6770,0
4588,0
6856,0
4279,0
3755,1
6759,0
3940,0
1299,1
4902,0
6466,0
660,1
1790,1
1492,1
4730,0
493,0
3647,0
5143,0
4949,1
2315,0
6537,1
6482,1
5969,0
1085,1
6640,0
6464,0
694,0
1278,0
3198,0
4966,0
4753,1
1621,1
4091,0
3708,0
3944,0
2561,0
4920,0
4766,0
67,0
1731,1
5593,0
2269,1
4955,1
4539,1
5011,0
5545,0
820,0
1226,0
1677,0
5886,0
2867,0
3447,0
5492,0
2367,1
4165,0
4691,1
2512,0
5460,0
2723,0
6275,0
5996,0
5199,0
1143,0
397,1
6487,0
4161,0
786,0
6036,0
4705,0
1398,0
1659,0
5796,0
5111,1
3134,0
3789,0
3398,0
2220,0
979,0
2331,0
3784,1
1298,0
4272,1
4639,0
5695,0
3693,0
82,1
4088,1
1967,1
6829,0
5505,0
423,0
6097,0
1904,1
6384,0
3917,1
3618,0
839,0
4442,1
141,1
5814,0
1377,0
3674,1
5470,0
6902,0
3808,0
1138,0
2257,0
1787,0
3938,0
4552,0
459,0
6435,0
948,1
3700,1
1336,0
5604,0
1602,1
2238,0
639,1
6798,0
3830,1
4851,1
6291,0
1070,1
155,0
2295,1
6914,1
1089,0
2940,1
5952,0
930,0
2909,0
4518,1
6458,0
3247,0
6392,0
5218,0
7030,0
6078,0
6559,0
1698,0
6622,1
7002,0
5946,1
3831,1
6950,0
6403,0
985,1
1821,1
587,0
6716,1
5493,1
6408,1
6998,0
4457,0
6086,0
3557,0
1395,1
264,0
3547,0
4386,1
6425,0
6043,1
3864,1
5841,1
2400,0
5082,0
3711,0
246,0
1594,0
6846,1
6301,0
923,0
4339,0
669,0
3604,0
1910,0
4896,0
3958,1
2696,0
2591,0
1781,0
3013,0
2307,0
4194,0
3690,1
687,1
612,0
3200,1
2267,0
6751,0
5344,0
1898,1
4441,0
258,1
2924,1
2822,1
3339,0
3525,1
2285,1
484,1
2211,0
4347,0
2555,0
7,0
3657,0
5964,0
2426,0
1814,0
2274,1
1011,0
6647,0
1067,0
1991,0
3970,0
4994,1
3867,0
6908,1
3048,0
781,0
6836,1
1749,0
2791,0
1091,0
6300,0
5994,1
5709,0
2608,1
5771,0
2290,1
1727,0
610,1
343,0
5488,0
3750,0
3215,0
97,1
4409,0
1537,0
3588,0
3648,0
5601,0
1517,0
6192,0
3669,0
2090,0
572,0
6398,1
5843,0
3062,0
4449,0
5091,1
5326,1
4701,0
370,0
1938,0
6389,0
6075,0
3670,0
3652,1
2361,1
4260,0
4372,0
6343,0
3737,1
4319,0
4840,0
4872,0
1171,1
5433,0
1422,0
6314,0
6193,0
6187,0
874,0
2297,1
2643,1
6098,0
840,1
581,1
204,0
1641,0
2014,0
3253,0
4331,0
905,1
631,0
4982,1
4506,0
1974,1
162,0
4794,0
6322,1
6241,1
875,0
1431,0
5928,0
4381,1
6540,0
2856,0
1861,1
2659,0
3384,1
6463,0
4647,0
3331,0
5758,0
5930,0
4897,0
2096,1
2003,1
546,1
1449,0
4866,0
2610,1
1900,0
5544,1
2757,0
1885,0
6807,0
2097,0
6121,0
6321,1
836,0
3471,0
5598,0
2171,0
6048,1
5993,0
398,0
2010,1
6764,1
1283,0
6199,1
5374,1
4256,0
1836,1
1019,0
1326,0
4348,1
475,1
2810,0
5278,0
1651,1
6533,0
6677,0
2528,1
1206,0
5638,1
5409,1
7032,1
867,0
2974,1
541,0
1132,1
6824,1
3390,0
5055,0
2962,1
4155,0
3259,0
4562,0
6954,0
2583,0
2813,0
5456,1
6099,0
3586,1
4596,0
5990,0
2630,0
6007,0
4475,0
1080,0
4283,0
2085,1
2452,1
2023,1
5402,0
226,0
1013,0
1929,0
4952,0
1404,0
2179,0
697,1
1124,0
3895,0
1778,0
4480,1
2634,1
3489,0
1037,0
2256,0
6713,0
6962,1
313,0
2649,0
2281,1
5037,1
2547,0
2159,0
3137,0
5850,1
3967,0
1428,1
4985,0
2520,0
6916,0
5195,0
448,0
5911,0
1284,0
3727,1
361,0
5671,0
5609,1
2460,0
22,1
2066,0
1653,0
702,0
5090,1
2743,0
1376,1
5721,0
2468,1
3754,0
2325,0
460,0
4183,0
4082,1
1486,1
3678,0
282,0
4308,0
3537,0
4934,0
2581,0
1368,0
6346,1
4716,0
597,0
4351,0
5717,0
6991,1
6631,0
5257,1
3468,0
4487,0
2990,1
6260,0
2544,0
5223,0
5148,0
4066,0
3988,0
6803,0
685,0
4478,0
3243,0
5444,0
4083,1
2837,1
3697,0
4040,0
2230,0
5133,1
2320,0
521,0
522,0
5494,1
5665,0
5662,1
6353,0
780,0
6841,0
6418,0
651,1
5242,1
2196,0
369,0
4606,0
4214,1
377,1
4935,0
2216,0
6826,0
1613,0
6315,0
3632,0
962,0
6334,0
6603,0
5359,1
359,0
3839,0
4700,0
1246,0
4899,1
3694,1
5944,1
2567,1
3423,1
2037,0
772,1
6470,0
3562,1
6660,1
6433,0
4649,0
1674,0
365,1
4919,0
4546,1
4327,0
147,1
6183,0
3088,0
5551,0
407,0
6499,0
3456,0
4182,1
3576,0
3271,1
1031,0
4600,0
855,1
3926,0
78,0
2247,0
5204,0
6653,0
6473,1
4829,0
788,0
2279,0
4095,0
3897,0
4575,0
5846,0
3631,1
6176,1
424,0
392,0
6925,0
6643,0
4200,0
2672,0
6438,1
4747,0
3493,0
1459,0
5074,0
6999,1
3835,0
5445,0
6858,1
5459,0
2355,0
2442,1
5472,0
464,0
163,0
6091,1
6302,1
6747,0
6982,0
2009,0
3084,0
900,0
5507,0
2293,0
4481,0
3716,1
5840,0
1764,0
1549,1
3029,1
5309,0
2044,0
767,0
1508,0
6843,1
4517,1
4219,0
5849,0
4597,1
3292,0
819,0
1403,0
1382,0
2148,0
1638,0
6771,0
399,0
882,1
3565,1
6288,0
1179,0
4244,0
4793,0
2130,1
456,0
1950,1
689,0
5561,0
1953,1
2710,0
5216,1
4349,1
6109,0
1884,0
6339,1
6218,0
2494,1
3036,0
3603,1
845,0
542,0
3724,0
4187,0
3679,1
5620,0
6749,0
4823,1
2964,0
2529,1
1048,0
1960,0
2530,0
5174,1
237,0
1133,0
5824,0
4259,1
5193,0
5281,0
6727,0
2978,0
5572,0
5406,0
4743,0
3919,1
3138,1
6279,0
4073,1
6047,0
3229,1
1826,0
593,0
2725,0
4137,0
560,0
5513,0
4942,1
243,0
4437,0
4868,1
405,0
1442,0
261,1
4709,0
7017,0
1689,0
1725,0
2496,0
6709,0
340,0
4901,1
1601,0
4576,0
3725,1
6974,0
2785,0
1523,0
5238,0
6246,0
6521,0
1766,0
6947,0
4037,0
5562,0
5703,0
6581,0
363,0
6966,0
6934,0
4443,0
5610,1
6500,0
2562,0
6680,1
6453,1
3083,0
6484,0
2102,0
632,0
2493,0
2665,0
5097,0
4406,0
5165,1
4987,0
2334,0
6238,0
3619,0
3883,0
5273,0
4211,1
1494,1
2401,0
3874,0
1232,1
2661,0
2817,0
6430,0
5818,0
4153,0
5239,0
3061,1
6018,0
6967,1
1735,0
2823,0
5365,0
4819,1
2475,0
2564,1
5929,0
5441,1
707,0
3046,0
6009,1
5371,1
72,0
4448,1
6584,0
1190,0
2601,0
1125,1
1241,0
6305,1
5809,0
3351,1
4008,0
1577,1
3906,1
3729,0
4358,0
1343,0
7024,0
440,0
1100,0
2637,0
4954,1
649,0
1546,0
6024,1
5370,0
2852,0
3503,0
5086,1
630,1
4768,0
1249,1
5812,1
482,0
1584,0
4676,0
1462,0
3040,1
5411,1
3273,1
3683,0
4145,0
4953,0
3225,0
1072,0
2631,1
1660,0
2425,0
5935,0
5345,1
3097,0
3976,1
6299,0
6681,1
4998,0
5579,1
1408,0
1845,0
1798,0
3957,0
1475,0
35,0
444,0
2359,0
3654,0
3179,0
1286,0
5212,0
4445,0
3416,0
2137,0
2636,0
4016,0
6802,0
1681,0
5119,0
1692,0
5189,0
5606,0
3635,0
372,0
5405,0
6667,1
140,0
4419,0
6556,0
5787,1
714,0
3188,1
6214,0
4431,0
4921,0
406,0
20,1
1004,0
2411,0
2545,0
2390,0
5655,0
42,0
2830,0
3371,1
3022,0
3364,1
4399,0
11,0
4760,0
1177,0
1947,0
2501,0
2863,0
3865,0
1026,1
3848,0
2989,0
961,0
2889,0
3015,0
3338,1
4967,1
735,0
4400,0
1440,0
2875,1
3986,0
916,0
5876,1
5491,0
4089,1
6502,0
5499,1
2772,0
1624,1
6891,0
821,0
1367,0
3712,0
6324,0
850,0
1000,1
5228,0
4114,0
1637,0
1667,0
4589,0
3173,0
5355,0
1347,0
6840,0
3230,0
6369,0
5407,0
4783,0
3232,0
5760,0
703,0
7022,0
3291,0
3673,1
2408,0
1327,1
6551,0
6338,0
4440,0
6735,0
986,0
5590,0
6386,0
6055,0
5830,0
4049,0
3485,1
2474,0
3873,0
1198,0
4181,0
1518,0
5838,0
1799,1
1014,1
128,0
1364,0
5412,0
4470,0
891,1
2793,0
5912,1
4403,0
6703,1
6039,1
3249,0
1208,1
3868,1
6318,0
4065,1
6023,0
1239,0
2289,0
2740,1
275,1
4585,1
1035,0
1229,0
1008,1
3828,0
2532,0
4293,1
1058,1
5220,0
281,0
1043,1
1316,0
968,0
2381,0
5617,0
1939,0
6560,0
1274,0
619,0
5113,0
1742,1
1390,0
5733,0
1579,1
1655,1
3568,0
2352,0
2212,0
7001,1
3178,1
3192,0
1307,0
575,0
2360,0
1280,0
6820,0
4957,0
5827,0
1993,1
2639,1
269,0
629,1
6574,0
3081,1
3466,0
6146,1
4396,1
4023,0
6669,0
2046,0
4356,0
5528,0
2113,0
27,1
2040,0
3928,0
6362,0
3216,1
6557,0
3814,0
129,0
5214,1
6911,0
4599,0
13,1
6040,1
4476,1
1525,0
2365,0
4648,0
3052,0
4005,1
2340,0
374,0
6249,0
6762,1
939,0
6738,0
4573,0
2147,0
3591,1
5564,0
6786,1
5920,0
3623,0
529,0
3714,0
4732,0
1269,0
4281,0
1394,0
4850,0
4009,0
4390,0
1797,0
2979,0
1441,0
5263,0
6860,1
3811,0
1273,0
4703,1
1712,0
955,1
5209,0
5626,0
6223,1
6465,0
403,0
2071,0
6687,1
1977,0
158,0
3888,1
902,1
352,0
4540,0
4130,0
754,0
2971,0
7008,1
2920,0
311,0
4644,0
661,0
1989,0
3665,0
306,1
2335,0
4790,0
2356,0
3702,1
3804,0
1927,1
6330,0
3427,0
749,0
3638,1
6041,0
1266,0
5343,0
6221,0
3595,1
2134,0
5066,0
4109,1
4969,0
4904,0
514,0
6562,1
409,1
5250,0
7014,0
6963,0
6101,0
207,1
458,0
2054,1
2430,0
250,0
6013,0
1107,0
5710,0
1713,0
3911,1
715,0
552,0
1439,1
2270,1
3144,0
6720,0
1925,0
634,0
316,0
6610,0
427,0
5221,0
105,0
3041,0
4238,0
2169,0
1709,0
89,0
2241,0
3174,0
5253,0
1949,0
4044,0
2848,0
1,0
4337,0
935,0
6028,1
2720,1
591,0
6852,0
2936,0
2448,1
1576,0
5879,0
213,0
778,0
3496,0
5523,0
2043,0
6382,0
1567,0
165,0
4702,0
3566,0
5388,1
6692,0
2013,0
273,0
3860,0
4167,0
6920,0
3788,1
394,0
583,0
7020,0
6526,1
6797,0
6731,0
520,0
1763,0
1875,0
3965,0
3344,1
2253,0
3224,1
526,0
2946,0
4473,0
3899,0
692,0
6652,0
4444,1
3633,0
1050,1
590,0
519,0
3380,1
3676,0
5802,0
5179,1
1607,1
3610,1
6717,1
1809,1
791,0
792,0
6789,1
1855,0
1980,0
3233,0
3598,0
933,1
3963,0
5230,0
6536,0
4179,0
4026,0
6232,1
4116,0
988,0
5427,0
3453,0
6429,0
3778,0
5908,1
3093,0
3155,0
5069,1
3201,0
5681,0
1098,0
5848,0
2844,1
886,0
6948,0
5457,0
515,1
6496,1
4833,0
1453,0
3553,0
3609,0
4665,0
2506,0
2994,0
3999,1
6671,0
906,0
28,0
6228,0
2507,0
2428,1
5043,1
762,1
3747,0
4811,1
284,1
686,0
6506,1
2353,0
5664,1
6050,0
21,0
2752,1
885,0
917,0
1040,1
5584,1
1265,0
4579,0
6095,0
277,0
5084,0
2084,1
1245,0
2382,0
571,0
1435,0
3902,0
5089,0
1247,0
4681,1
3526,1
2514,1
1007,1
4770,0
4543,0
5856,0
6100,1
2064,0
5558,0
1690,0
6079,0
1985,1
294,0
1547,1
2012,1
588,0
3329,0
2403,0
2129,1
3998,0
6163,0
3741,0
3508,0
2719,0
4521,0
5150,0
6412,0
6419,0
556,0
4795,1
2469,0
3738,0
4286,0
5797,0
5289,0
1716,0
2604,0
5808,0
1704,1
2139,0
3239,0
2383,0
4311,1
1285,1
6175,0
6289,1
3930,0
5324,0
1591,0
6977,0
2162,0
2396,0
317,1
6317,1
3111,1
5233,1
5624,0
6835,0
4036,0
795,0
3020,0
1711,0
3387,0
36,1
4549,0
913,0
5295,0
3972,0
4133,0
974,0
983,1
6620,1
1418,0
1560,0
4135,0
5613,0
4265,1
1355,0
6589,0
6674,0
987,0
2682,1
5047,0
1640,0
1290,0
3681,1
1380,0
1933,0
4675,1
5924,0
3160,0
2030,0
892,0
4876,1
4069,0
4255,1
2,1
2109,0
849,0
2737,0
2466,0
1914,0
1596,0
1913,0
5139,0
6872,0
2736,0
726,0
53,1
1796,0
3845,1
2553,0
2800,0
936,0
5806,1
824,0
4321,0
3401,0
1389,1
3564,0
884,0
4867,0
1868,0
5181,0
10,0
3415,1
1463,1
806,0
5741,1
6740,1
4068,0
2108,0
5943,1
6981,0
2234,0
963,0
4494,0
2632,0
704,0
431,0
4388,0
145,0
2033,1
5909,0
1165,0
3500,0
2050,0
3760,0
2624,0
4484,0
4435,0
5608,0
5454,1
4361,0
2424,1
1262,0
1771,1
3511,0
271,0
4792,1
7011,1
244,0
6828,0
4572,0
2032,1
6488,1
5563,0
813,0
3810,0
6987,0
5716,0
1804,0
5982,0
4346,0
2461,0
545,0
3241,1
738,0
310,0
3521,0
1131,1
6932,0
4111,0
2769,1
920,0
3587,1
3959,0
38,1
4459,1
4278,0
2983,0
5290,0
7026,1
5217,0
2667,0
3223,0
1182,0
6387,0
614,0
6912,0
1466,0
4497,0
3042,1
934,0
2419,0
5085,0
6351,1
5704,0
4822,0
826,1
1521,0
2930,0
4232,1
628,0
4430,0
3853,0
390,0
4345,0
6862,1
3990,0
400,0
4806,0
5135,0
5687,0
3359,0
46,0
6752,0
6937,0
3642,0
3726,1
6444,1
5208,0
5319,0
6832,0
2421,0
1750,0
6805,0
5767,0
4062,1
338,0
215,0
3663,0
1341,1
6437,0
3894,0
3640,1
329,0
5537,0
3004,1
6721,0
3115,1
6808,0
2322,0
4197,0
3549,0
1458,1
171,1
4203,0
5896,0
3569,0
4226,1
5158,0
5744,0
6594,0
938,0
60,0
1240,0
5136,0
5884,1
2120,0
1524,0
153,0
481,1
4460,0
3920,0
1762,0
750,0
1785,0
6613,0
4501,0
4853,0
2711,1
5689,0
4193,0
1333,0
7035,0
2854,0
186,0
1136,0
2058,0
5903,0
6200,0
148,0
4124,0
4889,0
6683,0
3363,0
4788,0
2866,0
3776,0
1386,0
6649,0
5825,1
3629,0
6333,1
4797,0
3028,1
2969,0
6120,0
1708,1
2953,1
454,0
609,1
4263,0
4826,1
5968,1
2074,1
4052,1
5723,0
1622,0
4683,0
5497,1
6165,0
40,0
5475,1
2089,0
3924,1
2175,1
74,0
5634,1
6946,0
2657,0
3180,0
2076,0
441,0
2051,0
2541,0
1301,0
3430,0
1304,1
236,0
6733,0
2599,0
4616,0
2573,1
3280,0
3186,0
3953,1
2768,0
4831,0
4223,0
2106,0
2679,1
2761,1
4688,0
5399,0
1387,0
6605,1
6368,1
5660,0
6792,1
5000,0
1279,0
6281,0
6899,1
1555,1
6800,1
3190,0
4566,0
4802,0
6600,1
4841,0
3594,0
1920,0
513,0
4177,0
1308,1
914,0
3452,0
3695,0
4242,0
3156,0
2198,0
774,1
4425,0
943,0
822,0
5005,1
4277,0
164,0
5619,0
4547,0
3983,1
2538,0
6712,0
1311,0
5207,1
6399,0
5383,1
5871,1
6531,0
3300,0
3310,1
327,1
2490,0
6593,1
4408,0
832,0
3079,1
3462,1
5297,0
6166,1
54,0
4064,0
3451,0
1901,0
1481,0
4873,0
4895,0
4150,0
3335,0
4926,0
946,0
3293,0
2161,1
6816,1
5083,0
5961,0
3057,0
5490,0
768,0
6615,0
3495,1
285,0
6959,0
4524,1
6259,0
2332,0
2717,0
2079,0
3389,0
722,1
951,0
6135,0
2262,1
989,0
3212,0
1759,0
5781,0
4422,0
5479,0
1724,0
5182,0
341,0
3701,0
4243,0
688,0
3432,0
5203,0
4944,0
966,1
6644,0
6361,0
2203,0
2713,0
4757,1
5098,1
6198,0
6943,1
5280,0
3572,0
4805,0
5299,1
1990,1
4120,0
4759,1
5775,0
5298,0
6150,0
4971,0
6866,1
5034,0
3600,1
6424,1
7009,1
5803,1
385,1
6141,1
6426,0
536,0
6565,0
5032,0
4212,1
3507,0
201,0
1332,0
3502,0
2708,1
5031,0
4662,0
4021,1
1854,1
6290,1
2872,0
3030,1
1205,1
1645,1
3417,0
3476,0
5925,0
2861,1
1792,0
5526,0
3797,0
3368,0
3367,0
3533,0
6173,0
5109,0
3449,0
603,0
3056,0
6125,1
126,1
3876,0
2935,0
5443,0
4451,0
3531,0
2730,0
827,0
1639,1
984,0
3281,0
7000,0
2188,0
6483,0
2443,0
362,0
2349,0
345,0
814,0
4807,0
3205,0
6900,0
6746,1
3325,1
4106,1
6296,0
2116,1
1834,1
793,0
6968,1
2674,0
94,0
4225,0
3756,1
2891,1
2371,0
5831,1
6236,0
3228,0
6274,0
2853,0
6514,0
2912,0
1865,0
5754,0
4612,0
1857,0
2645,0
2243,0
5373,0
2336,1
950,1
3068,0
1120,0
2597,0
2204,1
419,1
922,0
1254,0
477,0
2035,0
6479,1
5788,0
5742,0
5567,0
1202,1
2626,0
5765,1
6775,0
1970,1
3110,0
4018,0
2151,0
3687,1
4916,0
1997,0
4033,0
6903,0
3054,0
1248,1
2192,0
2712,0
992,0
2190,0
4670,0
5142,0
3762,0
3597,0
4711,0
1318,0
1863,0
2343,0
2449,0
2136,0
1065,1
5868,0
6985,0
4227,0
2621,0
77,0
2898,0
4820,0
1314,1
6144,0
872,0
3850,0
5468,1
6730,0
2965,1
3391,0
5415,0
2560,1
6894,1
2635,0
5256,1
3530,0
375,0
1908,0
4429,0
6104,0
6153,0
4027,1
1604,0
1118,0
3677,0
3490,1
6845,0
2958,0
1994,0
6980,1
6118,0
2376,0
6445,0
1342,0
320,1
1619,0
3713,1
6442,0
2060,0
2219,0
1673,1
260,1
6212,0
2039,1
4785,1
901,1
3744,0
2026,0
4234,0
1917,0
1828,0
1573,0
4415,0
4749,1
6174,1
4654,0
4208,0
4627,0
224,0
723,1
6312,1
1141,0
5529,0
5764,0
5554,0
6676,0
2762,0
846,0
4289,0
5560,0
5042,0
2551,0
5725,0
2928,0
117,1
645,1
5966,1
3,0
4170,0
5851,0
467,0
5,1
5342,1
919,0
2595,0
4324,0
1063,0
2590,0
242,0
6126,1
1160,0
2870,0
3735,0
6436,0
2397,1
3517,1
3421,0
2563,1
5622,1
1605,0
6788,0
2324,1
2709,0
6663,0
1312,0
3448,1
3812,0
6544,1
2362,0
1975,0
3514,0
1761,0
5401,0
2739,0
5637,0
6553,0
2472,0
4007,0
4718,0
1493,0
4206,0
2158,0
1169,0
6355,0
232,1
66,0
1603,1
3283,0
3596,1
4632,1
125,0
5350,0
1296,0
1976,1
6356,0
6307,0
2075,0
4580,0
5750,1
6645,0
3086,0
6106,1
3345,0
6285,0
5870,1
2797,1
918,0
1646,0
5122,0
5126,0
4978,1
5431,0
4621,0
364,0
3287,1
2125,0
4123,0
4569,1
525,0
4821,0
55,1
638,1
302,0
2766,0
5811,0
1276,0
6591,1
4720,0
2055,0
5376,0
5145,0
4432,0
3644,0
4143,1
2878,0
4202,0
5175,0
2286,0
2261,0
5240,0
2296,0
5932,1
1753,0
5197,0
1968,0
6113,0
3117,0
2393,1
523,1
5524,0
3900,0
6558,1
4699,0
5585,1
6208,0
3122,0
4156,0
1969,0
671,0
4188,1
666,1
6096,0
1887,1
3266,0
280,0
1719,0
2947,0
4455,1
899,0
6031,0
6822,1
6090,0
760,0
1906,0
4042,0
3823,0
4138,1
3818,0
4300,0
5569,1
2593,0
4164,0
3031,1
5971,0
3579,0
2832,0
5449,0
3472,0
137,0
4892,0
2180,0
2128,0
3177,0
4854,0
4637,0
5115,0
6136,0
4261,0
4344,0
1331,0
2017,0
4542,0
2482,0
1358,0
1329,0
6935,0
2150,0
4530,0
2122,0
4673,1
3981,0
1252,0
3278,0
3374,1
2814,0
4719,1
1848,0
4858,0
3037,0
388,0
235,1
1077,1
1984,1
4363,0
3962,1
770,0
2165,0
4533,0
673,0
249,0
1574,0
3419,0
2081,0
1823,1
6511,0
6729,0
4544,1
5565,1
716,0
6276,0
6568,0
2048,1
5997,0
5264,0
4178,0
4809,0
2724,0
6391,0
1460,1
5989,1
1668,0
2756,1
2000,0
4571,0
4613,1
404,0
384,0
6319,0
2152,0
1633,0
6449,0
5580,0
4784,0
3925,0
5336,0
4158,0
4948,0
5898,0
5358,0
223,1
2193,0
3136,1
4469,0
1824,0
6467,0
5124,0
4972,0
797,0
2871,1
9,0
1944,1
1838,0
4804,0
255,0
5713,0
4485,0
6342,0
1581,0
2956,0
924,0
6233,0
2508,0
6132,0
5024,0
5320,0
6042,0
3775,1
4835,0
4136,0
4964,1
2779,1
539,0
2745,1
6326,0
6428,1
5467,0
1145,0
5127,1
4468,1
667,0
3019,1
357,0
5063,1
2831,1
2783,0
1353,0
5131,1
470,0
2703,1
3330,1
3637,1
1396,1
3584,0
6336,0
5262,0
5645,0
3376,0
1256,0
6190,1
3512,0
5651,1
5778,0
1250,0
5795,0
5348,0
6763,0
4298,0
3284,0
2933,0
4175,0
5268,0
4910,1
1852,1
6583,0
6851,0
2105,1
133,1
5236,0
5029,0
928,0
823,0
6395,1
1531,0
1214,1
504,0
4285,0
1996,0
3072,0
1958,0
1384,1
894,0
4924,1
455,0
5779,1
6519,0
3709,0
6494,0
4849,0
4748,0
4268,0
3522,0
4134,0
3602,0
6881,0
713,0
4186,0
2214,1
5301,1
2923,0
1810,0
3486,0
3141,1
1827,0
1155,0
1324,1
4312,0
510,0
1680,0
499,1
6381,0
1856,1
1388,0
5615,1
3719,0
2386,0
5541,1
3236,0
6172,1
1540,0
1217,0
2681,0
2993,0
5512,0
6313,1
1191,0
5772,0
5293,0
1542,0
3301,1
3324,0
2539,0
953,0
4846,0
4330,1
732,0
7033,0
1156,0
6518,1
3294,1
2982,0
5305,0
5161,0
2156,1
1062,0
2616,1
1167,0
3222,0
3636,0
5588,1
2938,0
4491,0
3140,0
4980,0
143,0
6976,0
3577,1
4946,1
2782,0
717,0
1819,0
2502,0
4360,0
4171,1
395,0
5731,0
6320,0
6804,0
4492,0
1365,1
6414,0
5999,0
595,1
6205,1
3952,0
5392,0
5917,0
4968,0
2914,0
6936,1
2326,0
5644,1
3766,1
3440,0
3851,0
4132,1
6454,0
2143,0
6491,1
5073,0
1571,0
4079,0
1122,1
2786,0
6335,0
2967,0
2504,1
5988,0
3465,0
675,0
2808,0
3348,0
728,1
412,0
3146,1
1516,0
5745,0
825,1
3267,0
3974,0
616,0
114,0
417,0
3069,0
1625,1
6973,0
4185,0
2896,0
6571,0
2082,0
753,0
2546,0
3969,0
3373,1
5726,0
4107,0
2444,1
4380,0
1066,0
3913,0
5287,0
5536,1
5387,0
5732,0
3498,1
2738,0
5052,0
4000,0
1568,0
2427,1
3746,1
6522,0
1687,0
851,0
3546,0
6303,0
895,0
4592,0
6401,1
5878,0
335,1
2839,0
3087,1
4611,0
1348,1
1015,1
2816,0
1631,1
2489,0
3730,1
3251,1
6516,1
5877,1
5881,0
2070,1
4452,0
6956,0
5408,0
1635,0
4646,0
2479,0
2265,1
2959,0
5323,0
6650,0
3059,0
5053,0
5869,0
2141,0
5104,0
3118,0
5188,0
6642,0
4045,1
3356,1
2744,0
5092,0
3506,0
1679,0
4249,0
3147,0
2294,1
580,1
1470,0
4799,0
4070,0
5308,0
3343,0
4992,0
4583,0
3672,1
559,0
5237,0
5215,1
2849,0
512,1
4729,0
1081,0
1664,1
1012,0
1931,0
1150,0
2838,0
5949,0
116,0
740,0
6760,1
6070,0
5177,1
3675,0
5906,1
830,1
119,0
4752,0
6718,1
6664,0
6961,1
635,1
4465,0
4364,0
4142,0
991,0
876,1
4869,0
5315,1
5222,0
4,1
3051,0
5691,0
3124,0
6407,0
2660,0
2491,0
5173,0
3854,0
4933,0
4777,0
1715,0
6448,1
6457,0
6293,0
1148,1
3261,0
574,0
3769,0
3736,0
4146,1
853,0
1982,0
2774,0
5919,0
4929,0
5211,1
1166,0
6002,1
971,0
2701,0
4495,1
3847,0
2368,0
4115,0
4780,0
4131,1
2950,0
5625,0
524,1
2455,1
5016,1
1841,0
5986,0
537,0
2806,0
5801,0
5596,0
4341,1
3175,1
784,0
4057,0
1409,0
2537,0
154,0
3009,0
1686,1
2901,0
6972,1
4721,1
3863,0
2733,0
1895,0
5442,0
569,0
5854,0
1816,0
2065,0
127,0
3394,0
3327,0
7016,0
6102,0
2975,0
980,0
2300,1
190,0
1139,0
5088,0
699,0
6719,0
606,0
4276,1
301,1
3420,0
6777,0
1060,0
6834,0
6898,0
2565,0
7029,0
1069,0
2524,0
2205,0
1243,1
16,0
3120,0
7019,0
4642,1
4754,0
815,0
3067,1
6724,1
5600,1
959,0
6427,0
4893,1
225,0
6170,0
3354,0
5895,0
2485,1
562,0
3436,0
6373,0
6181,0
1693,0
1045,0
3446,0
4565,0
954,0
7015,0
2735,0
6904,0
4735,0
6780,0
1218,1
5254,0
5511,0
6748,1
1527,0
3987,1
7021,1
1300,0
6886,1
5699,0
160,0
4067,0
5800,0
956,0
3791,0
3234,0
2869,1
3777,0
4433,0
4973,0
6015,0
2961,0
5980,0
2200,0
98,0
6844,0
2557,0
3183,1
253,0
3923,1
4199,1
1445,0
5539,0
1648,0
4682,1
4723,1
3991,1
1696,1
3191,0
6197,1
6295,0
4499,1
1154,0
2255,0
1682,0
3170,0
2056,0
4090,0
6865,0
3108,0
4548,1
3723,0
6397,0
5423,1
2049,0
4976,0
3643,0
6944,0
623,0
6489,1
6772,1
5883,0
262,0
5730,0
3369,0
4061,0
5534,0
6294,1
6065,0
6616,1
1802,0
4736,0
7027,0
2385,0
6694,0
5759,1
1959,0
2976,0
488,0
1843,0
1734,1
2911,1
3219,0
146,0
5630,1
1986,0
1369,0
6546,0
6051,0
2811,0
659,0
1794,0
2511,0
3397,0
4282,0
1147,0
3272,1
608,0
6287,1
3582,0
1930,0
197,0
2931,0
2327,0
4389,0
766,0
4496,0
4218,0
3255,0
202,0
3510,0
4931,0
6390,0
5535,0
1733,0
5791,0
2777,0
1707,0
5172,0
5249,0
5757,0
3474,0
6528,0
5855,0
854,0
5685,0
6363,0
4737,0
4097,0
2160,0
698,0
6969,1
2999,0
3696,1
1636,0
3457,0
3581,0
1291,1
4659,0
6585,0
5616,0
1853,1
5232,0
3763,1
3304,0
6922,0
5727,0
3743,1
3445,0
1998,1
663,0
4779,0
5353,0
3748,0
4413,1
4744,0
5530,0
5575,0
709,0
1282,0
5864,0
5068,0
2675,0
6776,0
4029,0
1306,1
5496,0
5504,1
2237,0
3302,1
5592,0
2038,1
1529,0
1663,1
5450,1
6952,1
6978,0
3627,0
5739,0
5147,0
4891,0
2693,0
3060,0
1597,0
6700,0
2729,1
2625,0
5915,0
3157,1
3314,0
1722,0
5279,0
6668,0
1059,1
4636,0
3242,0
1678,0
6374,0
6628,0
1757,0
6019,0
4191,0
5116,1
563,0
2790,1
863,1
1484,0
5977,0
5134,1
206,0
4488,1
870,0
4493,0
502,0
1028,1
3840,0
2690,1
5581,1
6756,0
5056,0
1570,0
2773,0
5991,1
2731,0
6242,0
804,1
5847,0
3645,0
2454,0
4598,0
3104,0
4875,1
5959,0
200,0
6278,0
3099,0
6184,0
2278,0
3561,1
5892,0
4474,0
6432,0
4514,0
5794,0
391,0
6736,0
5618,0
5258,1
1495,0
2695,0
2027,0
5248,0
5463,1
2568,0
64,1
3884,0
2062,0
5276,0
492,1
379,0
6331,0
4859,0
6360,1
3993,0
4887,0
1076,0
878,0
337,0
6863,0
6439,0
1016,0
1275,0
3798,0
4551,0
3342,0
4911,0
6413,1
995,1
1981,1
4297,0
161,1
5675,0
6873,0
6545,1
4798,0
1500,0
3843,1
5225,0
2613,1
3461,0
1021,0
3073,0
3943,0
1585,0
1955,0
3152,0
6349,0
34,0
4014,0
775,0
2556,0
1478,1
5486,0
6235,1
1363,0
2612,0
2824,0
2041,0
241,0
2061,1
2363,0
600,0
2435,0
5393,1
6310,0
2888,1
6164,0
646,1
3890,1
3556,0
3202,0
1528,0
6975,0
1267,0
1899,0
4658,0
3005,0
2734,0
189,0
1806,0
975,1
2747,0
2047,0
2558,0
1082,0
474,1
2904,1
4843,0
6396,0
4117,0
3385,1
4555,0
1184,0
6420,0
5051,0
5311,1
2433,0
6949,0
5611,0
2391,0
769,0
1685,0
130,0
2919,0
3171,0
3444,0
6231,1
5578,0
4426,0
5334,1
466,0
6265,0
5734,0
3092,1
3772,1
5191,0
5226,0
5390,1
860,0
